test_id,zip_file,expected_count,matched_count,missed_count,actual_unique_findings,false_positive_count,duplicate_count,rag_relevant_count,rag_irrelevant_count,analysis_ms,groq_calls,ai_candidates,grounding_rejected,final_unique_findings,project_health,verdict,notes
1,py_001_hardcoded_secret.zip,1,1,0,1,0,0,0,0,service-level,0,0,0,1,,PASS,
2,py_002_eval_untrusted_input.zip,1,1,0,1,0,0,0,0,service-level,0,0,0,1,,PASS,
3,py_003_sql_injection.zip,1,1,0,1,0,0,0,0,service-level,0,0,0,1,,PASS,
4,py_004_shell_injection.zip,1,1,0,1,0,0,0,0,service-level,0,0,0,1,,PASS,
5,py_005_path_traversal.zip,1,1,0,1,0,0,0,0,service-level,0,0,0,1,,PASS,
6,py_006_ssrf.zip,1,1,0,1,0,0,0,0,service-level,0,0,0,1,,PASS,
7,py_007_unsafe_yaml.zip,1,1,0,1,0,0,0,0,service-level,0,0,0,1,,PASS,
8,py_008_unsafe_pickle.zip,1,1,0,1,0,0,0,0,service-level,0,0,0,1,,PASS,
9,py_009_jwt_signature_disabled.zip,1,1,0,1,0,0,0,0,service-level,0,0,0,1,,PASS,
10,py_010_jwt_fallback_secret.zip,1,1,0,1,0,0,0,0,service-level,0,0,0,1,,PASS,
11,py_011_missing_admin_auth.zip,0,0,0,0,0,0,0,0,service-level,0,0,0,0,,PASS,out_of_scope=missing_authorization
12,py_012_idor_object_access.zip,0,0,0,0,0,0,0,0,service-level,0,0,0,0,,PASS,out_of_scope=idor
13,py_013_wildcard_cors.zip,1,1,0,1,0,0,0,0,service-level,0,0,0,1,,PASS,
14,py_014_open_redirect.zip,0,0,0,0,0,0,0,0,service-level,0,0,0,0,,PASS,out_of_scope=open_redirect
15,py_015_raw_error_leakage.zip,0,0,0,0,0,0,0,0,service-level,0,0,0,0,,PASS,out_of_scope=internal_error_leakage
16,py_016_unbounded_list.zip,0,0,0,0,0,0,0,0,service-level,0,0,0,0,,PASS,out_of_scope=unbounded_collection_response
17,py_017_missing_http_timeout.zip,0,0,0,0,0,0,0,0,service-level,0,0,0,0,,PASS,out_of_scope=missing_outbound_timeout
18,py_018_blocking_requests_async.zip,1,1,0,1,0,0,0,0,service-level,0,0,0,1,,PASS,out_of_scope=blocking_io_in_async
19,py_019_blocking_sleep_async.zip,0,0,0,0,0,0,0,0,service-level,0,0,0,0,,PASS,out_of_scope=blocking_call_in_async
20,py_020_swallowed_exception.zip,0,0,0,0,0,0,0,0,service-level,0,0,0,0,,PASS,out_of_scope=swallowed_exception
21,py_021_global_counter_race.zip,0,0,0,0,0,0,0,0,service-level,0,0,0,0,,PASS,out_of_scope=race_condition
22,py_022_process_local_cache_scaling.zip,0,0,0,0,0,0,0,0,service-level,0,0,0,0,,PASS,out_of_scope=process_local_cache
23,py_023_unbounded_memory_list.zip,0,0,0,0,0,0,0,0,service-level,0,0,0,0,,PASS,out_of_scope=unbounded_memory_growth
24,py_024_stale_cache_invalidation.zip,0,0,0,0,0,0,0,0,service-level,0,0,0,0,,PASS,out_of_scope=stale_cache
25,py_025_duplicate_concurrent_generation.zip,0,0,0,0,0,0,0,0,service-level,0,0,0,0,,PASS,out_of_scope=request_coalescing_missing
26,py_026_money_float_precision.zip,0,0,0,0,0,0,0,0,service-level,0,0,0,0,,PASS,out_of_scope=financial_float_precision
27,py_027_infinity_validation.zip,0,0,0,0,0,0,0,0,service-level,0,0,0,0,,PASS,out_of_scope=finite_number_validation
28,py_028_date_parsing_validation.zip,0,0,0,0,0,0,0,0,service-level,0,0,0,0,,PASS,out_of_scope=date_input_validation
29,py_029_month_range_logic.zip,0,0,0,0,0,0,0,0,service-level,0,0,0,0,,PASS,out_of_scope=month_input_validation
30,py_030_user_regex_redos.zip,0,0,0,0,0,0,0,0,service-level,0,0,0,0,,PASS,out_of_scope=untrusted_regex
31,py_031_predictable_temp_file.zip,0,0,0,0,0,0,0,0,service-level,0,0,0,0,,PASS,out_of_scope=unsafe_tempfile
32,py_032_unbounded_file_upload.zip,0,0,0,0,0,0,0,0,service-level,0,0,0,0,,PASS,out_of_scope=upload_size_unbounded;unsafe_upload_filename
33,py_033_zip_slip.zip,1,1,0,1,0,0,0,0,service-level,0,0,0,1,,PASS,
34,py_034_world_writable_permissions.zip,0,0,0,0,0,0,0,0,service-level,0,0,0,0,,PASS,out_of_scope=overly_permissive_file_permissions
35,py_035_weak_password_hash.zip,1,1,0,1,0,0,0,0,service-level,0,0,0,1,,PASS,
36,py_036_predictable_token.zip,1,1,0,1,0,0,0,0,service-level,0,0,0,1,,PASS,
37,py_037_sensitive_token_logging.zip,0,0,0,0,0,0,0,0,service-level,0,0,0,0,,PASS,out_of_scope=sensitive_logging
38,py_038_query_string_logging.zip,0,0,0,0,0,0,0,0,service-level,0,0,0,0,,PASS,out_of_scope=sensitive_url_logging
39,py_039_third_party_ai_privacy.zip,0,0,0,0,0,0,0,0,service-level,0,0,0,0,,PASS,out_of_scope=third_party_ai_privacy
40,py_040_llm_prompt_injection_boundary.zip,0,0,0,0,0,0,0,0,service-level,0,0,0,0,,PASS,out_of_scope=llm_prompt_injection
41,py_041_llm_json_parse_failure.zip,0,0,0,0,0,0,0,0,service-level,0,0,0,0,,PASS,out_of_scope=provider_output_validation
42,py_042_unbounded_retry_loop.zip,0,0,0,0,0,0,0,0,service-level,0,0,0,0,,PASS,out_of_scope=unbounded_retry
43,py_043_n_plus_one_queries.zip,0,0,0,0,0,0,0,0,service-level,0,0,0,0,,PASS,out_of_scope=n_plus_one
44,py_044_multi_step_consistency.zip,0,0,0,0,0,0,0,0,service-level,0,0,0,0,,PASS,out_of_scope=missing_transaction
45,py_045_unbounded_offset_pagination.zip,0,0,0,0,0,0,0,0,service-level,0,0,0,0,,PASS,out_of_scope=unbounded_pagination_input
46,py_046_background_task_error_loss.zip,0,0,0,0,0,0,0,0,service-level,0,0,0,0,,PASS,out_of_scope=unobserved_background_task
47,py_047_flask_debug_mode.zip,0,0,0,0,0,0,0,0,service-level,0,0,0,0,,PASS,out_of_scope=debug_mode_production
48,py_048_csrf_cookie_form.zip,1,1,0,1,0,0,0,0,service-level,0,0,0,1,,PASS,out_of_scope=csrf_missing
49,py_049_mass_assignment.zip,0,0,0,0,0,0,0,0,service-level,0,0,0,0,,PASS,out_of_scope=mass_assignment
50,py_050_tls_verification_disabled.zip,2,2,0,2,0,0,0,0,service-level,0,0,0,2,,PASS,
